,,,,,,,
Id2,Total; Estimate; Total population,Female; Estimate; Total population,Male; Estimate; Total population,Percent; Age group: 20-40,Estimate; INCOME AND BENEFITS (IN 2012 INFLATION-ADJUSTED DOLLARS) - Median family income (dollars),Percent; EDUCATIONAL ATTAINMENT - Bachelor's degree and above,Percent; Population - Asian alone
1001,17380,9149,8231,23.3,72258,25,1.77%
1002,28718,14659,14059,41.1,99963,68.3,10.63%
1003,11286,6233,5053,47.2,-,46.9,10.46%
1005,5120,2563,2557,17.1,93279,27.5,1.37%
1007,14593,7146,7447,23.8,94537,41,1.64%
1008,1160,575,585,18.2,80789,26.6,1.21%
1009,636,310,326,19.2,62250,17,0.00%
1010,3610,1950,1660,19.7,101361,40.4,0.00%
1011,1326,684,642,19.8,70568,13.9,0.90%
1012,506,220,286,17.6,63636,34,0.00%
1013,21822,10947,10875,27.9,46988,14,1.35%
1020,30893,15851,15042,22.7,66139,18.3,1.40%
1022,2611,1474,1137,27.5,72357,29.6,2.11%
1026,1066,527,539,17.9,66389,40.2,0.00%
1027,17622,9219,8403,26.4,78281,31.1,4.41%
1028,15710,8161,7549,18.2,95521,39.6,2.01%
1029,601,258,343,8.8,69167,20.5,5.99%
1030,11096,5438,5658,19.9,89056,28.7,0.69%
1031,1547,758,789,24.8,50865,22.5,0.65%
1032,626,342,284,18.9,64853,28.5,1.12%
1033,6197,3306,2891,18.1,83494,26.4,0.56%
1034,1952,909,1043,18,80000,33.1,0.41%
1035,5239,2778,2461,24.7,90583,46.2,1.45%
1036,5096,2579,2517,13.9,91027,34.6,0.00%
1037,716,324,392,13,123750,62.8,0.00%
1038,2676,1399,1277,15.2,81056,39,0.00%
1039,1532,738,794,24.2,95909,45.8,0.39%
1040,39996,21062,18934,26.9,40993,20.6,1.29%
1050,2670,1447,1223,19.3,75938,25.5,0.37%
1053,1926,868,1058,12.4,72083,35.9,2.23%
1054,1812,939,873,19.5,91696,60.5,1.05%
1056,21146,10579,10567,23.2,73364,20.4,0.63%
1057,8511,4294,4217,17.8,88229,30.1,0.31%
1060,15065,8974,6091,36.3,80324,60.3,9.08%
1062,10980,5732,5248,20.5,81500,51.6,1.92%
1063,671,656,15,54.8,-,0,13.71%
1066,0,0,0,0,-,0,#DIV/0!
1068,1796,930,866,19.8,88833,36.8,0.00%
1069,8881,4543,4338,22.5,59107,19.3,0.00%
1070,529,270,259,12.2,65227,39.5,0.00%
1071,1485,714,771,20.1,86250,25.4,0.27%
1072,1449,725,724,20.1,86250,60.2,0.97%
1073,5828,2812,3016,20.9,85313,31.5,0.00%
1074,271,133,138,42.8,96078,25.6,0.00%
1075,17705,10455,7250,23,81188,38.7,2.37%
1077,9496,4923,4573,22.9,88284,30.8,1.93%
1079,492,268,224,19.8,67083,25,0.00%
1080,2329,1238,1091,27.8,47431,15,0.43%
1081,1862,831,1031,23.3,71136,20.8,0.00%
1082,10265,5113,5152,23.4,68353,19.3,0.07%
1083,2913,1479,1434,26.9,59135,18.4,0.00%
1084,239,123,116,5,72188,42.7,0.00%
1085,40590,21131,19459,25,76008,27.5,2.21%
1086,1298,718,580,47.4,-,50,1.31%
1088,595,342,253,6.2,39028,24.5,0.00%
1089,28411,14435,13976,26.1,63940,26.9,4.32%
1092,1440,798,642,26,59489,17.9,0.00%
1093,298,123,175,28.8,90139,51.2,0.00%
1094,240,132,108,8,72250,14.9,0.00%
1095,14275,7746,6529,13.2,111503,45.5,1.68%
1096,2220,1157,1063,21.1,68348,37.6,0.99%
1097,83,61,22,28.9,39861,0,0.00%
1098,1138,590,548,17.3,77917,33.3,0.00%
1103,2340,1262,1078,35.3,19292,26.4,1.79%
1104,22833,12077,10756,25.1,39987,12.1,1.32%
1105,12664,6219,6445,33.9,20691,9.3,0.02%
1106,16079,8673,7406,16.3,113414,61.9,6.70%
1107,11071,5715,5356,28.3,30061,8.8,0.61%
1108,25551,13466,12085,28.1,37588,21.3,5.18%
1109,31503,16677,14826,29.1,37430,12.6,1.27%
1118,13762,7566,6196,23.3,70925,26.4,3.34%
1119,14946,7940,7006,27,56186,15.3,0.92%
1128,2347,1057,1290,27.4,87452,28.3,0.00%
1129,7330,3900,3430,25.8,65847,25.5,5.35%
1151,8655,4398,4257,25.2,32237,12.1,4.41%
1199,0,0,0,0,-,0,#DIV/0!
1201,45975,24458,21517,23.7,58011,26.1,1.17%
1220,8657,4478,4179,22.2,52643,20.8,0.20%
1222,875,448,427,24,80114,34.7,0.80%
1223,2399,1232,1167,17.4,64737,32.6,1.67%
1224,291,134,157,24.7,88750,33.8,31.96%
1225,3036,1512,1524,17.3,81210,20.7,0.00%
1226,7024,3440,3584,19.5,71044,26.8,0.43%
1229,170,134,36,27.6,69583,52.7,0.00%
1230,8486,4352,4134,21.1,74968,37.9,1.79%
1235,2867,1356,1511,16.8,69375,22.9,0.84%
1236,1396,770,626,17.3,58750,51.1,2.08%
1237,2599,1208,1391,23.6,79375,29,0.15%
1238,6190,3318,2872,21.5,68476,32.2,1.47%
1240,4442,2406,2036,13.8,72629,46,1.67%
1242,569,173,396,18.3,137841,55.3,0.00%
1243,267,120,147,9.8,82639,21.9,0.00%
1244,133,68,65,6,53750,42.3,0.00%
1245,821,372,449,13.2,69688,39.3,0.00%
1247,16160,8166,7994,26.8,52833,19.4,0.38%
1253,623,318,305,18.2,73750,37.6,0.00%
1254,1120,591,529,16.1,114167,49.2,0.63%
1255,886,443,443,18.4,71484,30.2,5.08%
1256,663,295,368,21.9,60625,17.6,0.00%
1257,2072,1042,1030,12.3,75789,31.9,4.20%
1258,321,178,143,9.1,88750,44.3,0.00%
1259,564,251,313,12.7,71250,40.7,1.77%
1260,157,37,120,7.6,78000,15.4,0.00%
1262,1171,616,555,20.4,43036,35.7,2.39%
1264,143,78,65,14,116875,55.4,0.00%
1266,1600,903,697,17.5,94524,44.3,0.00%
1267,7994,4454,3540,19.7,102596,55,3.68%
1270,776,388,388,10.2,90313,32.5,0.00%
1301,17843,9136,8707,24.4,57694,26.1,1.42%
1330,1439,806,633,15.8,75463,44.1,0.42%
1331,13520,6681,6839,23.8,61806,14.9,0.84%
1337,2528,1282,1246,18,67813,26.8,1.94%
1338,231,112,119,13.4,91600,67.1,0.00%
1339,1586,809,777,19.5,58828,30.7,1.32%
1340,1671,814,857,20.8,61181,26,1.56%
1341,1776,905,871,15.1,85962,52.5,0.56%
1342,1481,744,737,19.4,111731,53.6,3.31%
1343,85,51,34,14.1,46354,14.5,0.00%
1344,1471,724,747,24.8,57692,17.7,0.20%
1346,426,216,210,22.7,73375,30.8,0.70%
1347,102,53,49,35.3,36250,10.5,0.00%
1349,847,481,366,22.3,54861,33.6,1.30%
1350,105,56,49,34.3,67750,23.8,0.00%
1351,2367,1162,1205,14.6,69904,36.8,2.11%
1354,1565,839,726,19.1,81250,34.3,0.00%
1355,895,466,429,20.7,71141,42.7,0.00%
1360,3043,1454,1589,17.3,77163,38.7,0.00%
1364,7966,3848,4118,21.8,52639,15.5,0.59%
1366,1301,692,609,15.2,89375,43.1,2.23%
1367,530,267,263,15.1,57969,22.2,0.19%
1368,1051,514,537,19.6,66923,22.8,1.24%
1370,4127,2142,1985,19.4,74656,37.5,0.87%
1373,4631,2536,2095,20.5,78958,38.3,1.36%
1375,3690,1806,1884,43.1,76286,57.3,6.04%
1376,5432,3010,2422,21.8,60400,21.3,1.09%
1378,631,320,311,12.6,71000,31.1,3.17%
1379,1004,491,513,18,64118,45.3,1.99%
1420,40327,19316,21011,29.1,54505,20.5,2.96%
1430,6077,3025,3052,19.5,97692,35.3,0.00%
1431,3066,1597,1469,17.5,81583,27.7,0.52%
1432,7105,3696,3409,25.5,82933,36.1,2.32%
1434,1564,202,1362,34.5,110714,18.4,1.73%
1436,3641,2054,1587,21.1,72074,20.1,0.00%
1438,313,209,104,9.3,67768,14,0.00%
1440,20393,10185,10208,26.6,62943,18.2,2.26%
1450,10687,5232,5455,14.5,136033,69.1,2.07%
1451,4915,2458,2457,11.2,154732,74.3,4.90%
1452,4366,2105,2261,18,87548,26.1,1.10%
1453,41113,21162,19951,25.4,76024,24.7,2.69%
1460,8934,4610,4324,17.9,119224,56.5,4.02%
1462,10356,5355,5001,21.6,92292,34.5,1.66%
1463,11537,5793,5744,20.8,97219,39,2.36%
1464,7352,3240,4112,30.9,81118,22.9,2.39%
1467,401,199,202,7.9,179152,81.7,0.75%
1468,3880,1890,1990,20,84621,15.3,1.47%
1469,6822,3498,3324,23,90687,28.8,1.06%
1473,7282,3640,3642,20.8,90818,36.1,0.33%
1474,2159,993,1166,19.1,94521,38.2,2.36%
1475,10333,5031,5302,18.4,79343,20.4,2.75%
1501,16080,8582,7498,21.3,90363,30.9,0.73%
1503,2856,1414,1442,17.2,106576,45,2.00%
1504,9030,4448,4582,21.5,85421,27.1,0.90%
1505,4341,2128,2213,16.4,114213,50.4,2.40%
1506,3378,1716,1662,20.8,74722,24,0.27%
1507,12947,6387,6560,19.2,104047,33.4,0.28%
1510,13618,6778,6840,26.6,83135,32.1,1.60%
1515,2152,1124,1028,18.9,75313,25.4,0.00%
1516,8466,3916,4550,21.8,92070,32.8,0.20%
1518,3089,1669,1420,24.2,91441,30.7,0.00%
1519,6386,3186,3200,22.2,134464,61.7,3.45%
1520,14333,7284,7049,20.8,113241,52.6,3.59%
1521,2477,1110,1367,20.4,81033,28.5,0.52%
1522,2994,1631,1363,21.4,90612,51.1,1.30%
1523,7395,3237,4158,26.7,90288,35.4,1.41%
1524,7029,3611,3418,26.4,78397,29,2.53%
1525,136,56,80,35.3,47206,15.5,0.00%
1527,13257,6910,6347,21.3,85482,28.4,1.49%
1529,3168,1571,1597,21.9,87778,23,0.44%
1531,1084,569,515,22,95300,31.6,0.28%
1532,14407,7183,7224,19.4,122750,58.7,8.21%
1534,5168,2710,2458,20.4,108070,34.2,1.93%
1535,4681,2308,2373,19.7,76919,20.9,0.00%
1536,7156,3587,3569,25.2,108011,48.2,7.91%
1537,2334,1110,1224,21.8,97206,28.8,2.40%
1540,11237,5679,5558,22.4,85636,25.3,0.70%
1541,3423,1722,1701,13.3,121673,63.5,1.75%
1542,1655,906,749,15.7,80848,17.2,0.91%
1543,7967,3598,4369,19.4,106250,40.6,3.74%
1545,35413,17709,17704,23.4,106014,55.9,16.05%
1550,16775,8781,7994,25.6,56671,17,2.30%
1560,4290,2308,1982,28.9,106094,45.5,18.48%
1561,293,131,162,25.9,36902,12.6,4.44%
1562,11713,5900,5813,26.1,80895,23.2,0.32%
1564,7808,4015,3793,18.4,115658,52.3,0.32%
1566,6141,3108,3033,16.6,96958,45,2.69%
1568,7367,3837,3530,16,137817,51.1,1.09%
1569,13422,6758,6664,20.8,97760,31.8,0.89%
1570,16760,8835,7925,25.9,60678,18.9,2.39%
1571,11401,5592,5809,24.9,80326,28.1,0.55%
1581,18345,9206,9139,23.7,124870,64.3,19.86%
1583,7627,2857,4770,30.9,90698,32.6,0.39%
1585,4481,2235,2246,22.9,80313,26.5,2.10%
1588,10411,5318,5093,22.4,69281,26.3,0.38%
1590,8836,4588,4248,16.4,118886,42.2,0.51%
1602,23185,12505,10680,25.7,71960,43.7,3.78%
1603,19123,10259,8864,28.3,53668,20.2,9.03%
1604,35844,18580,17264,31.9,54136,27.6,7.30%
1605,26247,14481,11766,29.8,40435,27,4.85%
1606,19899,10466,9433,27.6,77078,38.2,2.11%
1607,8265,4338,3927,30.3,59786,25,4.66%
1608,3767,2017,1750,39.4,19271,17.5,3.90%
1609,21571,11033,10538,32.6,59896,37.9,4.90%
1610,23826,12247,11579,38.7,33714,15.6,6.70%
1611,2446,1172,1274,31.7,70875,21.1,0.45%
1612,4846,2381,2465,20.2,112202,50.2,1.96%
1701,31144,16168,14976,22,107651,52.2,6.74%
1702,37700,19937,17763,36.5,67380,38.6,8.27%
1718,367,211,156,24.2,144844,84.8,33.51%
1719,5017,2455,2562,15.8,163243,74.6,14.89%
1720,21382,10757,10625,17.3,141011,73.5,17.73%
1721,16587,8671,7916,20.2,115659,54.9,4.64%
1730,13515,6969,6546,17.8,131518,63.3,9.47%
1731,1865,860,1005,36.4,78099,45.3,2.04%
1740,4905,2430,2475,13.4,151563,64.3,2.71%
1741,4870,2548,2322,9,176310,81.7,8.85%
1742,18309,8874,9435,15,158587,66.3,4.65%
1745,365,159,206,17.3,72833,51,14.79%
1746,13668,6933,6735,15.7,122286,60.1,2.38%
1747,5911,2880,3031,19,109557,46.2,2.01%
1748,14982,7451,7531,16.3,151019,68.6,4.19%
1749,19077,9617,9460,23.4,86817,35.8,1.90%
1752,38491,19212,19279,27.5,91413,38.8,4.97%
1754,10151,5080,5071,24.6,103750,48.7,2.73%
1756,5827,3088,2739,16.8,105711,46,1.18%
1757,28120,14296,13824,27.7,79767,36.5,2.50%
1760,32821,16829,15992,21.1,118886,62.5,7.20%
1770,4128,2099,2029,9.5,170972,82.7,5.91%
1772,9380,4925,4455,14.2,164455,68,11.59%
1773,4672,2444,2228,12.4,146667,83.7,5.42%
1775,6618,3356,3262,16.3,133211,64.5,3.01%
1776,17712,8989,8723,13.2,177768,77.1,7.37%
1778,13136,6812,6324,12.1,154803,75.3,9.93%
1801,38732,19795,18937,28.2,90786,33,7.12%
1803,24372,12575,11797,23.5,110039,47.3,14.55%
1810,33385,17480,15905,17.1,144685,68,10.88%
1821,30569,15603,14966,25.2,102692,30.2,4.99%
1824,24603,12638,11965,19,118750,50.8,6.29%
1826,29555,14700,14855,24.6,89258,25.1,3.19%
1827,3190,1654,1536,17.2,119167,47.7,1.38%
1830,25229,13033,12196,28.2,75184,26.4,0.72%
1832,22324,11706,10618,27.6,65362,25.1,1.52%
1833,8203,4108,4095,18.9,120500,46.3,0.32%
1834,6530,3350,3180,16.7,101074,37.5,1.98%
1835,13400,6900,6500,26.1,83227,39.4,2.71%
1840,4493,2254,2239,31.2,30685,11.3,0.73%
1841,47547,24464,23083,30.1,32289,8.9,1.44%
1843,24291,12815,11476,29.6,44031,14.3,5.40%
1844,47238,24434,22804,24,81250,28,3.89%
1845,28114,14318,13796,20.6,123341,55.3,4.83%
1850,15924,8416,7508,33.1,59688,16.4,7.97%
1851,29404,14958,14446,32.3,55592,20.8,37.00%
1852,33316,16875,16441,29.8,63222,26.3,11.42%
1854,28113,14938,13175,33.2,59424,21.7,19.71%
1860,6368,3256,3112,18.8,92182,38.8,0.00%
1862,10385,5212,5173,25.1,94668,24.9,4.14%
1863,9328,4754,4574,24.6,96141,43.5,9.56%
1864,14919,7268,7651,21.3,118642,45.8,3.56%
1867,24252,12776,11476,19.6,117676,55.2,3.38%
1876,28634,14960,13674,23.2,105982,33.7,3.02%
1879,11484,5618,5866,22.4,120893,41.3,4.67%
1880,24906,12882,12024,23,112785,44.1,3.94%
1886,22107,11038,11069,16.1,137230,65.1,10.93%
1887,22392,11351,11041,18,107689,37.5,3.86%
1890,21437,11317,10120,14.1,161546,70.3,9.61%
1901,2147,1332,815,27,24196,27.1,4.84%
1902,44654,23075,21579,30,46438,17.1,9.49%
1904,18765,9554,9211,25.4,87290,25.1,1.71%
1905,24779,12923,11856,30.8,41448,12.7,7.05%
1906,26761,14385,12376,22,93782,26.3,3.57%
1907,14011,7599,6412,18.7,116610,56.2,1.55%
1908,3438,1950,1488,18.5,125952,46.7,0.35%
1913,16344,8438,7906,24.4,95963,42.3,0.78%
1915,39748,21053,18695,27,90550,41.8,1.78%
1921,7990,3919,4071,13.6,147485,63,1.41%
1922,3013,1524,1489,17.3,134688,49.9,0.00%
1923,26507,13924,12583,20.7,93246,39.3,1.98%
1929,3520,1779,1741,18.8,103041,43.4,1.05%
1930,28937,15486,13451,18.8,79560,34,0.59%
1937,61,16,45,0,-,37.8,0.00%
1938,13271,6798,6473,16,104181,47.7,0.73%
1940,12019,6043,5976,16,117993,46.2,4.76%
1944,5158,2482,2676,15.7,143750,69,0.00%
1945,19879,10321,9558,15.1,128542,67.4,0.68%
1949,8992,3734,5258,28.3,100521,36,5.85%
1950,17460,9272,8188,18.1,118902,55.9,1.19%
1951,3673,1787,1886,16.2,93056,56.3,0.00%
1952,8289,4271,4018,18.5,92054,26.6,0.00%
1960,51036,26890,24146,21.9,83349,29.9,2.51%
1966,7018,3738,3280,13.9,99141,48.1,0.13%
1969,5857,3000,2857,14.6,106224,37,0.20%
1970,41500,21902,19598,31.7,62828,37.9,2.79%
1982,7942,3985,3957,20.9,113720,69.5,7.04%
1983,6127,3087,3040,13.1,124153,62.4,3.77%
1984,4892,2613,2279,23.7,160391,64.5,1.53%
1985,4263,1996,2267,16.6,133977,62.9,0.00%
2019,16304,8407,7897,25.1,93665,32.6,1.32%
2021,21596,11433,10163,21,112318,49.5,4.26%
2025,7756,3912,3844,12.9,148214,68,0.00%
2026,24716,12473,12243,23.2,106124,45.4,2.67%
2030,5608,2680,2928,10.7,200625,83.1,6.67%
2032,3536,1782,1754,24.6,97788,39,10.89%
2035,16864,8560,8304,22.1,106331,41.4,3.80%
2038,31760,15924,15836,21.2,115470,50.2,4.76%
2043,22136,11657,10479,16.3,139976,60.1,2.11%
2045,10342,5695,4647,20.3,91402,37.8,0.81%
2047,136,66,70,0,31190,19.2,0.00%
2048,23191,11342,11849,23.2,110693,49.1,4.47%
2050,25485,12868,12617,19.8,109568,50.9,1.15%
2052,12067,5963,6104,13.9,134785,66.3,2.26%
2053,12742,6574,6168,19.2,125610,50,4.44%
2054,7905,3867,4038,19.5,107951,45.3,3.88%
2056,11142,4387,6755,22.6,142823,49.3,0.86%
2061,10501,5152,5349,14.3,122130,54.9,2.30%
2062,28580,14498,14082,25,95976,41.2,4.91%
2066,17708,9332,8376,14.2,116795,52.8,0.19%
2067,17399,9109,8290,15.9,145987,70.6,12.32%
2071,1947,474,1473,29.8,99423,25,0.62%
2072,27359,14506,12853,22,93449,31.3,1.96%
2081,18899,10329,8570,17.2,106695,48.6,1.78%
2090,14616,7553,7063,13.2,160227,68.2,4.15%
2093,10960,5231,5729,14.1,116466,48.6,0.68%
2108,4155,2116,2039,40.2,153618,85.3,2.67%
2109,4277,2220,2057,48.9,162045,72.4,2.97%
2110,1486,657,829,19.1,196518,80,4.17%
2111,7616,3612,4004,40.6,88333,54.8,40.39%
2113,7276,3828,3448,71.3,112589,74.2,3.08%
2114,11933,6085,5848,57.9,169107,80.8,10.49%
2115,29178,14748,14430,52.1,50303,60.3,14.89%
2116,21318,11152,10166,43.1,134875,75.5,16.05%
2118,26779,12047,14732,45,49090,54.6,16.96%
2119,24237,13025,11212,29.6,35311,22,1.84%
2120,13217,6970,6247,52.1,29583,31.3,12.16%
2121,26801,14782,12019,30,35439,14.9,0.78%
2122,25437,13356,12081,34.5,50246,21.1,20.53%
2124,49867,26570,23297,30.4,55031,21.2,6.70%
2125,31996,16099,15897,38.3,44397,28.1,14.15%
2126,27335,15122,12213,26,52774,14.8,0.62%
2127,32547,18022,14525,49.1,68110,52.5,4.43%
2128,41680,19317,22363,37.7,49470,18.1,3.83%
2129,17052,9076,7976,40.5,98445,59.5,7.51%
2130,36866,19531,17335,44.4,95426,63.8,5.41%
2131,30370,16284,14086,29.6,70598,39.6,3.32%
2132,27163,14013,13150,25.3,110219,51,6.00%
2134,20478,9889,10589,69.4,49355,54.7,15.53%
2135,38839,21305,17534,57.1,62602,58.4,14.60%
2136,29219,15300,13919,29.6,74734,26.1,1.96%
2138,35661,18742,16919,45.8,116194,83.8,11.56%
2139,35945,18254,17691,50.9,93136,71.2,12.97%
2140,17924,9496,8428,38.7,92800,70.2,11.27%
2141,12703,6326,6377,50,76082,59.5,17.78%
2142,2805,1245,1560,62.1,126042,88.7,25.38%
2143,24965,12625,12340,56.3,75756,57.3,13.00%
2144,24399,12992,11407,55.2,90829,66.3,7.34%
2145,24153,12119,12034,41.4,57433,35,10.01%
2148,59402,30554,28848,34.9,64431,31.2,22.28%
2149,41607,20626,20981,32.3,58403,15.7,3.76%
2150,35527,17537,17990,36.7,46766,13.7,3.04%
2151,51729,25248,26481,29.5,55892,16.6,5.90%
2152,17584,9298,8286,25.1,84729,33.8,0.87%
2155,58567,30735,27832,35.6,83357,43.3,8.05%
2163,1842,1063,779,62.2,91190,97.2,21.12%
2169,54043,27776,26267,34.4,75083,37.6,19.00%
2170,19962,10627,9335,33,70634,34.5,30.74%
2171,18073,9405,8668,32.9,81828,41.3,32.96%
2176,27043,13806,13237,25,111311,51.4,4.25%
2180,21414,11182,10232,22.1,98323,38.1,4.40%
2184,35731,18717,17014,24.2,96525,35.2,7.43%
2186,26954,13883,13071,20.9,130270,59.4,5.57%
2188,14206,7456,6750,26,80756,32,5.64%
2189,14807,7800,7007,26.2,86027,30,4.84%
2190,16176,8281,7895,24.7,104496,34.6,3.89%
2191,8744,4665,4079,17.6,87766,31.1,2.90%
2199,1290,659,631,43.3,146786,82.7,6.12%
2203,0,0,0,0,-,0,#DIV/0!
2210,1905,803,1102,58.2,223411,85.8,1.47%
2215,23719,13445,10274,58.2,72583,78.1,17.07%
2301,60265,31438,28827,26.2,52496,17.3,2.26%
2302,33651,17283,16368,25.5,64813,19,1.46%
2322,4349,2293,2056,20.7,87672,21.4,0.80%
2324,26687,12971,13716,27.6,103529,34.7,0.54%
2330,11497,6050,5447,17.6,88917,22.3,0.57%
2332,15040,7904,7136,11.4,142557,66.1,1.14%
2333,13794,7069,6725,20.6,96689,25.1,0.55%
2338,7524,3782,3742,17.4,89221,22.8,0.00%
2339,13902,6726,7176,18.8,123222,43.7,1.44%
2341,10209,5309,4900,19.8,98613,25.4,0.43%
2343,10595,5516,5079,25.3,75032,23.7,2.96%
2346,23037,11945,11092,22.1,84096,24,1.66%
2347,10674,5589,5085,18.7,102260,35.5,1.29%
2351,15930,8417,7513,26.6,87139,25.9,2.29%
2356,12730,6505,6225,23,133112,51.9,0.59%
2357,1010,513,497,36.9,-,24,5.35%
2359,17831,8969,8862,21.1,97247,32.7,0.78%
2360,56425,28397,28028,22.1,93525,33.1,0.60%
2364,12609,6523,6086,17.9,93281,39.1,1.87%
2366,149,0,149,49,-,4.3,0.00%
2367,2817,1522,1295,20.4,106076,34.6,0.00%
2368,32577,17603,14974,24.5,74513,27.9,11.87%
2370,17518,9181,8337,24.3,75789,22.7,1.59%
2375,9480,4996,4484,24.9,106429,43.7,2.65%
2379,6907,3472,3435,22,97861,28,1.07%
2382,14493,7400,7093,26,90781,24.7,1.01%
2420,13927,7326,6601,13.5,166618,77.4,21.52%
2421,17600,8915,8685,12.1,155962,76.8,19.78%
2445,20853,11726,9127,34,169877,78.6,12.58%
2446,28807,16499,12308,42.8,133019,80.8,16.84%
2451,16573,8332,8241,34.9,102146,49,11.27%
2452,14434,7451,6983,34.1,85205,49.3,12.60%
2453,29829,14992,14837,40.6,81438,43.8,9.56%
2457,1343,833,510,54.8,"250,000+",81.3,14.59%
2458,11362,6106,5256,26.1,127807,69.5,12.96%
2459,18210,9501,8709,19,165030,79.6,14.76%
2460,8639,4738,3901,22.6,135262,72.1,8.22%
2461,6856,3680,3176,18.8,150778,82.6,19.40%
2462,1292,784,508,14.7,215313,62.7,18.81%
2464,3112,1611,1501,32.3,91818,67.5,15.26%
2465,11822,6174,5648,17.9,153457,70.5,8.75%
2466,8591,4552,4039,30.3,136429,74.6,17.31%
2467,22796,12752,10044,33.2,148396,78,17.74%
2468,5251,2585,2666,13.5,208843,82.9,11.33%
2472,32274,16798,15476,34.4,102131,55.8,6.31%
2474,26079,13724,12355,28,105922,62,8.02%
2476,16873,8602,8271,20.8,121198,68,7.82%
2478,24691,13371,11320,22.3,125963,70.4,11.59%
2481,16332,9426,6906,17.1,215567,83,10.18%
2482,10513,5935,4578,16.4,162604,77.6,9.87%
2492,19950,10096,9854,15.6,168317,74.2,4.77%
2493,11430,5913,5517,13.4,226061,78.8,10.14%
2494,9055,4855,4200,15.8,138095,69.1,11.17%
2532,11592,5808,5784,23.1,75333,32.3,0.33%
2534,982,460,522,14.9,108690,30.1,0.00%
2535,1240,615,625,22.7,96250,51.2,0.00%
2536,19524,9961,9563,18.8,70950,34.1,2.78%
2537,6256,3305,2951,15.9,94877,51.4,1.10%
2538,3162,1564,1598,29.8,74457,15.7,0.00%
2539,4086,1819,2267,21.9,70563,32.2,0.00%
2540,8521,4406,4115,13,96815,54,3.10%
2542,1284,591,693,55.3,44917,30.7,0.23%
2543,684,378,306,13.2,102813,76.4,1.17%
2553,314,176,138,56,93826,55.3,0.00%
2554,9847,4887,4960,27.9,92721,43.2,1.27%
2556,2890,1656,1234,14.3,92287,57.3,0.59%
2557,4513,2340,2173,14.7,90489,38.3,2.92%
2558,1791,1029,762,23.6,54844,10.1,0.00%
2559,3941,1984,1957,18,83063,45.3,1.98%
2561,471,216,255,29.1,73894,50,0.00%
2562,3232,1714,1518,13.1,84015,27.7,0.25%
2563,9746,5116,4630,17.6,97500,43.8,0.57%
2564,347,135,212,28.7,56172,55.3,0.00%
2568,3967,1934,2033,25.9,62500,46.5,0.20%
2571,11255,5938,5317,18.1,64326,23.6,1.21%
2575,2606,1568,1038,23.6,66908,43.5,0.00%
2576,3898,1984,1914,25.6,80888,10.7,3.21%
2584,0,0,0,0,-,0,#DIV/0!
2601,13402,6978,6424,28,54814,23.9,1.65%
2630,2129,969,1160,16.6,90547,50.2,0.89%
2631,9721,5125,4596,15.7,81426,43,0.26%
2632,11466,6057,5409,15.2,76583,37.2,1.23%
2633,4057,2048,2009,10.6,88686,51.2,0.54%
2635,3366,1717,1649,15.8,86889,48.6,0.48%
2637,82,42,40,0,-,44.8,18.29%
2638,3562,1886,1676,15.3,66412,47.2,0.00%
2639,3240,1903,1337,22.6,60284,26,0.34%
2641,501,254,247,5,127596,67.9,0.00%
2642,4963,2552,2411,13.5,74449,45.6,2.01%
2643,17,17,0,52.9,-,47.1,0.00%
2644,4389,2249,2140,21,91016,39.9,0.27%
2645,9417,5191,4226,15.1,76545,34.9,1.48%
2646,1878,1012,866,11.4,73708,55.6,6.39%
2647,123,79,44,12.2,118542,76.6,0.00%
2648,7206,3594,3612,13.9,82244,41.3,0.15%
2649,13950,7336,6614,18.3,75631,32.8,0.33%
2650,1183,628,555,2.4,69583,45.9,0.51%
2651,20,10,10,0,-,100,0.00%
2652,1125,534,591,15.9,83125,48,0.00%
2653,5950,3260,2690,10.4,77179,51.3,0.54%
2655,3846,2123,1723,12,88170,45.6,0.00%
2657,2974,1262,1712,13.8,65855,58,0.64%
2659,741,397,344,17,83864,38.4,0.00%
2660,5881,3074,2807,15.8,64018,33.4,0.17%
2663,96,32,64,50,-,60,0.00%
2664,9562,5222,4340,17.3,63504,29,0.90%
2666,528,251,277,0,103068,61.1,0.00%
2667,3002,1712,1290,10.2,82500,60.4,0.00%
2668,3178,1572,1606,16.5,89286,47.6,1.13%
2669,183,94,89,4.4,101648,47.6,0.00%
2670,1087,619,468,16,67143,41.8,2.48%
2671,1011,538,473,25.6,53750,42.6,0.00%
2672,91,49,42,0,29259,46.2,0.00%
2673,8384,4476,3908,20.6,58638,28.2,1.40%
2675,6155,3415,2740,11.7,77955,40.8,1.54%
2702,4268,2089,2179,22.3,95632,34.2,0.00%
2703,43603,22306,21297,26.4,74719,29.9,5.21%
2713,139,81,58,19.4,68750,21.6,0.00%
2715,3057,1616,1441,22.5,93789,34.2,0.16%
2717,4599,2170,2429,19.9,90481,22.1,0.11%
2718,6854,3220,3634,23.8,82877,28.1,0.00%
2719,15893,8508,7385,23.9,80023,22.7,1.86%
2720,30782,16356,14426,28.2,54905,20.5,1.73%
2721,25566,13143,12423,30.8,38149,10.9,2.21%
2723,14799,7897,6902,29.8,34416,10.8,3.11%
2724,17147,9115,8032,25.1,40280,10.9,3.17%
2725,2577,1349,1228,23.6,79773,16.9,1.05%
2726,15654,7962,7692,19.5,82155,29.2,0.81%
2738,4913,2386,2527,18.6,99635,46.8,3.50%
2739,6070,3155,2915,13.5,94605,48.3,1.55%
2740,43863,23136,20727,27.3,44419,16.2,1.03%
2743,10310,5096,5214,23.1,83763,22.4,0.24%
2744,11551,6160,5391,28.4,37695,13.9,2.52%
2745,25005,13239,11766,26.3,59534,16.8,0.39%
2746,14345,7601,6744,33,29784,6.7,0.66%
2747,21538,10213,11325,29.7,83417,24,1.65%
2748,12893,6830,6063,16.1,87981,35.8,2.09%
2760,26997,13323,13674,22.7,95906,42.1,3.52%
2762,8278,4392,3886,25.7,104114,40.4,2.54%
2763,1676,810,866,16.9,138068,51.6,0.00%
2764,4006,1970,2036,20,88828,32.3,0.00%
2766,19123,9905,9218,23.1,96385,36.4,1.72%
2767,13461,6959,6502,20.9,94339,31.2,2.46%
2769,11570,5480,6090,21.8,93324,35.4,0.86%
2770,5199,2621,2578,22.6,110685,38.2,2.54%
2771,13785,7318,6467,18.9,88425,30.8,2.02%
2777,15903,8211,7692,21.4,81774,22.2,1.03%
2779,6411,3370,3041,20.5,90855,24.4,0.00%
2780,48972,25814,23158,26.2,62889,18.1,0.92%
2790,16074,8406,7668,18.9,86543,28,0.49%
2791,46,27,19,0,150455,63,0.00%
2861,27434,13579,13855,27.4,64586,18.5,1.18%